{"cameraMode":{"drawMode":0,"name":"Shaded","section":"Shading Mode"},"sceneLighting":false,"audioPlay":false,"sceneViewState":{"m_AlwaysRefresh":false,"showFog":true,"showSkybox":false,"showFlares":true,"showImageEffects":true,"showParticleSystems":true,"showVisualEffectGraphs":true,"m_FxEnabled":true},"in2DMode":false,"pivot":{"x":-5.960464477539063e-8,"y":0.7984914779663086,"z":-0.02956467866897583},"rotation":{"x":-0.03706228733062744,"y":0.9506404399871826,"z":-0.12506595253944398,"w":-0.2816346287727356},"size":1.3311651945114136,"orthographic":false}