{"cameraMode":{"drawMode":0,"name":"Shaded","section":"Shading Mode"},"sceneLighting":false,"audioPlay":false,"sceneViewState":{"m_AlwaysRefresh":false,"showFog":true,"showSkybox":false,"showFlares":true,"showImageEffects":true,"showParticleSystems":true,"showVisualEffectGraphs":true,"m_FxEnabled":true},"in2DMode":false,"pivot":{"x":1.1920928955078126e-7,"y":1.1507304906845093,"z":-0.057435452938079837},"rotation":{"x":-0.03706228733062744,"y":0.9506404399871826,"z":-0.12506595253944398,"w":-0.2816346287727356},"size":1.6086982488632203,"orthographic":false}