{"cameraMode":{"drawMode":0,"name":"Shaded","section":"Shading Mode"},"sceneLighting":false,"audioPlay":false,"sceneViewState":{"m_AlwaysRefresh":false,"showFog":true,"showSkybox":false,"showFlares":true,"showImageEffects":true,"showParticleSystems":true,"showVisualEffectGraphs":true,"m_FxEnabled":true},"in2DMode":false,"pivot":{"x":0.3738110065460205,"y":1.188070297241211,"z":0.2535209655761719},"rotation":{"x":-0.11523835361003876,"y":0.6786214113235474,"z":-0.10902991890907288,"w":-0.7171858549118042},"size":1.4096873998641968,"orthographic":false}