{"cameraMode":{"drawMode":0,"name":"Shaded","section":"Shading Mode"},"sceneLighting":false,"audioPlay":false,"sceneViewState":{"m_AlwaysRefresh":false,"showFog":true,"showSkybox":false,"showFlares":true,"showImageEffects":true,"showParticleSystems":true,"showVisualEffectGraphs":true,"m_FxEnabled":true},"in2DMode":false,"pivot":{"x":-0.011230707168579102,"y":1.1321699619293213,"z":0.016677752137184144},"rotation":{"x":-0.03706228733062744,"y":0.9506404399871826,"z":-0.12506595253944398,"w":-0.2816346287727356},"size":2.2114057540893556,"orthographic":false}